id,feature1,feature2,category,string_col1,string_col2,boolean_col1,boolean_col2,label,string_col1_indexed,string_col2_indexed,boolean_col1_int,boolean_col2_int
0,-0.5779753257989899,1.3056935316460625,1.0,Bb,Aa,True,False,0,2.0,2.0,1.0,0.0
1,,-1.3428623955519108,1.0,Bb,Dd,True,False,0,2.0,0.0,1.0,0.0
2,1.2445381141017924,,2.0,Ee,Bb,True,True,1,1.0,3.0,1.0,1.0
3,0.7974256938547308,-0.7483236906621366,1.0,Cc,Cc,False,False,0,4.0,1.0,0.0,0.0
4,1.677464045910998,1.1992947163191878,2.0,Aa,Bb,False,True,0,0.0,3.0,0.0,1.0
5,,-2.176276101736061,1.0,Ee,Dd,True,False,1,1.0,0.0,1.0,0.0
6,,-1.2009934543976952,5.0,Ee,Aa,False,False,1,1.0,2.0,0.0,0.0
8,-0.036975827039596176,-0.3634293069156484,2.0,Aa,Cc,False,False,1,0.0,1.0,0.0,0.0
9,-2.4258856635173234,-0.921798026058068,4.0,Aa,Ee,True,True,1,0.0,4.0,1.0,1.0
10,,0.8182144489189657,4.0,Dd,Cc,True,False,0,3.0,1.0,1.0,0.0
12,0.10298924785916844,-0.3798855680724008,1.0,Cc,Dd,,False,0,4.0,0.0,,0.0
13,-0.5191734813965052,1.3203159510397906,4.0,Bb,Bb,False,True,1,2.0,3.0,0.0,1.0
15,0.25688131942658843,,5.0,Bb,Dd,True,True,1,2.0,0.0,1.0,1.0
16,,-0.27565966907111566,3.0,Bb,Ee,True,False,0,2.0,4.0,1.0,0.0
19,0.13277034879119995,0.6346705538564406,4.0,Ee,Aa,False,False,1,1.0,2.0,0.0,0.0
20,,-1.0923101157431996,5.0,Ee,Dd,False,False,1,1.0,0.0,0.0,0.0
21,,0.8601500213116856,2.0,Bb,Cc,False,False,1,2.0,1.0,0.0,0.0
22,-1.0778457841194469,0.023132578569052903,3.0,Aa,Dd,False,True,0,0.0,0.0,0.0,1.0
24,-0.5838769674486081,-0.3671859796046688,2.0,Aa,Aa,False,True,1,0.0,2.0,0.0,1.0
26,-0.45760005276088844,-0.09109345439831722,2.0,Bb,Aa,False,True,0,2.0,2.0,0.0,1.0
27,-0.7106820082116226,-1.0540889436818963,3.0,Ee,Cc,False,False,0,1.0,1.0,0.0,0.0
28,-0.34831987210823295,1.5880575560687997,1.0,Dd,Dd,False,False,0,3.0,0.0,0.0,0.0
29,-0.27179334458702575,,2.0,Dd,Cc,True,False,1,3.0,1.0,1.0,0.0
30,1.5710667360672188,-0.06581550209007904,4.0,Cc,Cc,False,False,1,4.0,1.0,0.0,0.0
31,-1.4533748049499695,-0.1412555139001362,2.0,Dd,Bb,False,False,1,3.0,3.0,0.0,0.0
32,0.6835826481377013,-0.24427815172102701,3.0,Ee,Cc,True,False,1,1.0,1.0,1.0,0.0
33,-2.023250023216542,-0.7756407172862082,3.0,Aa,Ee,,False,1,0.0,4.0,,0.0
34,1.425146907643573,0.30794902887868575,5.0,Dd,Aa,True,True,0,3.0,2.0,1.0,1.0
35,,0.2920939974195464,5.0,Cc,Ee,False,False,0,4.0,4.0,0.0,0.0
36,0.19071878961248304,1.0846379572007885,2.0,Cc,Cc,True,False,1,4.0,1.0,1.0,0.0
37,-2.0800554876278707,-1.1426551897795698,1.0,Dd,Bb,False,True,1,3.0,3.0,0.0,1.0
38,,0.3478088559141732,2.0,Aa,Dd,False,False,1,0.0,0.0,0.0,0.0
39,,0.1454057320550147,5.0,Dd,Cc,False,True,0,3.0,1.0,0.0,1.0
40,,0.5490263777981179,4.0,Dd,Aa,True,False,1,3.0,2.0,1.0,0.0
42,0.7772978829005014,-2.2931610020704563,1.0,Dd,Ee,False,True,0,3.0,4.0,0.0,1.0
43,-0.4620790780478252,-1.294050482686847,4.0,Bb,Aa,True,False,1,2.0,2.0,1.0,0.0
44,-1.8944673578989888,0.2935764828361954,1.0,Cc,Dd,True,False,1,4.0,0.0,1.0,0.0
45,-0.491918981054717,-0.9863430677653946,2.0,Dd,Cc,False,True,1,3.0,1.0,0.0,1.0
46,0.7652597618995068,1.1452510213102174,4.0,Bb,Aa,False,True,1,2.0,2.0,0.0,1.0
47,1.7753866780683705,-0.026065722477683916,3.0,Bb,Cc,True,True,1,2.0,1.0,1.0,1.0
49,0.37276903731336813,0.7255610386279141,2.0,Dd,Bb,False,True,0,3.0,3.0,0.0,1.0
51,,0.5447960523899815,5.0,Aa,Aa,,False,0,0.0,2.0,,0.0
52,-1.6457670794165422,1.1931219893770033,4.0,Aa,Cc,True,False,0,0.0,1.0,1.0,0.0
53,-1.2023611621264827,0.6836600453245103,2.0,Dd,Ee,False,False,0,3.0,4.0,0.0,0.0
54,,-1.024003383534535,2.0,Aa,Cc,False,True,1,0.0,1.0,0.0,1.0
55,0.8870654041510623,0.22149680242795514,1.0,Aa,Aa,,False,1,0.0,2.0,,0.0
56,0.780321228695252,-0.5487870159040458,1.0,Aa,Bb,False,True,1,0.0,3.0,0.0,1.0
57,,0.031215975694007084,1.0,Dd,Ee,True,False,0,3.0,4.0,1.0,0.0
60,0.24327648887319245,0.8616842180012663,3.0,Bb,Bb,True,True,1,2.0,3.0,1.0,1.0
62,,0.7649966972169423,4.0,Bb,Dd,False,False,0,2.0,0.0,0.0,0.0
64,-1.7359041861873008,0.7051333837320667,4.0,Dd,Ee,True,False,1,3.0,4.0,1.0,0.0
68,,0.17041307903395378,2.0,Aa,Aa,False,True,1,0.0,2.0,0.0,1.0
69,-1.1210440774514419,-0.4454655160537865,4.0,Bb,Dd,True,,1,2.0,0.0,1.0,
70,,-1.5121637012445395,2.0,Cc,Bb,,False,1,4.0,3.0,,0.0
72,,-0.9274830738723769,4.0,Aa,Ee,True,,0,0.0,4.0,1.0,
73,,0.48382881015904194,4.0,Ee,Cc,False,True,0,1.0,1.0,0.0,1.0
74,1.166931727844611,1.058493956641797,3.0,Dd,Cc,,False,1,3.0,1.0,,0.0
75,0.6214766654763323,0.5129664142578012,5.0,Bb,Bb,True,False,0,2.0,3.0,1.0,0.0
77,-0.13798993619379213,-0.6050511694229358,4.0,Ee,Dd,False,True,0,1.0,0.0,0.0,1.0
78,,-1.8658654055119872,1.0,Cc,Dd,False,False,0,4.0,0.0,0.0,0.0
80,,1.1158156023920711,3.0,Aa,Aa,True,True,1,0.0,2.0,1.0,1.0
81,0.2100579149978581,-0.4353383973620508,1.0,Aa,Aa,False,False,0,0.0,2.0,0.0,0.0
82,,-1.0286726602426943,4.0,Ee,Aa,False,False,1,1.0,2.0,0.0,0.0
84,0.2543362228158791,-1.6571526112154387,1.0,Aa,Dd,False,False,1,0.0,0.0,0.0,0.0
85,0.8707285706796274,-1.1304561824430017,3.0,Cc,Ee,False,True,1,4.0,4.0,0.0,1.0
86,1.9899916282925814,1.6190347311058397,1.0,Aa,Ee,True,True,0,0.0,4.0,1.0,1.0
87,1.790990224330231,-0.06622398271609192,1.0,Bb,Cc,False,True,0,2.0,1.0,0.0,1.0
90,0.673417926910338,0.5598404450658178,1.0,Ee,Bb,True,False,0,1.0,3.0,1.0,0.0
91,-0.3308680194350384,-1.3623595414857463,3.0,Aa,Cc,False,False,1,0.0,1.0,0.0,0.0
92,-1.3197337694886768,-0.9689670422937117,4.0,Dd,Aa,True,True,0,3.0,2.0,1.0,1.0
94,,-1.8157252951117309,1.0,Dd,Aa,True,False,1,3.0,2.0,1.0,0.0
95,-2.975604771761659,0.14308206707387763,1.0,Dd,Bb,True,True,0,3.0,3.0,1.0,1.0
96,1.134459738332527,-1.2496380152084279,5.0,Cc,Ee,False,False,0,4.0,4.0,0.0,0.0
98,,-0.8975539082900117,1.0,Ee,Ee,True,False,1,1.0,4.0,1.0,0.0
99,-2.510038574551422,-1.2284790154209932,4.0,Ee,Cc,True,True,1,1.0,1.0,1.0,1.0
100,-1.3148075616722517,0.20926885581671628,2.0,Cc,Dd,False,True,1,4.0,0.0,0.0,1.0
101,,-1.115693430534326,3.0,Cc,Cc,False,False,0,4.0,1.0,0.0,0.0
102,,1.2829415874443761,5.0,Aa,Bb,,False,1,0.0,3.0,,0.0
103,-0.5740914085707818,0.9943589672852772,3.0,Dd,Dd,True,True,1,3.0,0.0,1.0,1.0
104,0.6694962581810522,-1.6246539021441568,4.0,Dd,Cc,False,False,0,3.0,1.0,0.0,0.0
106,0.17163684188430195,-1.3970640059836068,3.0,Dd,Ee,False,False,0,3.0,4.0,0.0,0.0
107,0.32544565923919627,-0.7264743021142296,2.0,Bb,Bb,False,False,1,2.0,3.0,0.0,0.0
108,-0.2891340130241874,0.11759323211907625,3.0,Bb,Aa,False,False,1,2.0,2.0,0.0,0.0
109,-1.7646020327724858,-1.4429500030871873,4.0,Bb,Dd,True,False,0,2.0,0.0,1.0,0.0
110,,-0.03969173641527685,2.0,Dd,Cc,True,,0,3.0,1.0,1.0,
111,,0.5224378423720027,2.0,Ee,Dd,False,False,1,1.0,0.0,0.0,0.0
112,0.3675311232673455,-0.40560750307256743,4.0,Bb,Cc,True,,0,2.0,1.0,1.0,
113,0.44018030967169947,-1.274204830476856,2.0,Bb,Ee,True,False,0,2.0,4.0,1.0,0.0
114,,0.949823141350222,4.0,Dd,Ee,False,False,0,3.0,4.0,0.0,0.0
116,1.1850079149435209,-0.15013484402639785,3.0,Aa,Aa,False,True,0,0.0,2.0,0.0,1.0
117,,-0.8324830978584181,3.0,Dd,Dd,True,True,1,3.0,0.0,1.0,1.0
118,-1.7228373723668697,0.40139385437433367,4.0,Bb,Ee,False,,0,2.0,4.0,0.0,
119,-0.6836266951181785,,3.0,Ee,Bb,True,True,0,1.0,3.0,1.0,1.0
120,1.5747275879991642,0.2870666404291399,2.0,Bb,Aa,True,True,0,2.0,2.0,1.0,1.0
121,0.39047988597149175,0.3213076799201943,3.0,Aa,Bb,False,False,0,0.0,3.0,0.0,0.0
122,-0.7724623919814849,-1.755344738367494,3.0,Cc,Dd,True,True,0,4.0,0.0,1.0,1.0
123,,1.566833063795127,3.0,Bb,Aa,True,False,1,2.0,2.0,1.0,0.0
124,,-1.8382621756816635,4.0,Bb,Bb,False,True,1,2.0,3.0,0.0,1.0
125,1.6346164593793944,0.05016455539158541,2.0,Dd,Cc,False,False,1,3.0,1.0,0.0,0.0
126,,-0.4488840059408436,3.0,Ee,Aa,False,False,0,1.0,2.0,0.0,0.0
127,1.3528349221994758,-0.6027116603567134,4.0,Aa,Bb,True,False,0,0.0,3.0,1.0,0.0
128,0.9594655848975386,0.3825993979626184,5.0,Ee,Dd,False,False,1,1.0,0.0,0.0,0.0
129,,1.5035646178873554,2.0,Ee,Dd,False,False,1,1.0,0.0,0.0,0.0
130,,0.5909704120366417,4.0,Aa,Bb,True,True,1,0.0,3.0,1.0,1.0
131,-0.34261849432656094,0.5740260614415729,,Dd,Aa,,False,0,3.0,2.0,,0.0
132,1.592132437018591,1.0437162876421688,4.0,Ee,Dd,True,False,1,1.0,0.0,1.0,0.0
133,0.23326921768998413,1.696923633029794,3.0,Ee,Cc,False,True,1,1.0,1.0,0.0,1.0
134,0.5164019367543597,1.1463341178920314,5.0,Cc,Aa,False,True,1,4.0,2.0,0.0,1.0
135,1.8455205471660958,0.26890834149440596,3.0,Bb,Bb,True,False,0,2.0,3.0,1.0,0.0
137,,1.2651983427400906,1.0,Dd,Bb,True,True,0,3.0,3.0,1.0,1.0
138,-0.6008049867857101,0.9407158267174569,4.0,Dd,Cc,False,True,1,3.0,1.0,0.0,1.0
139,-2.1314962653732956,-0.01003854153129053,5.0,Dd,Ee,True,False,1,3.0,4.0,1.0,0.0
140,0.22294031430176425,0.8030657028333219,5.0,Ee,Dd,,False,0,1.0,0.0,,0.0
141,0.17328128113172236,0.08633565550736584,2.0,Cc,Aa,False,False,0,4.0,2.0,0.0,0.0
142,-0.5965025039854439,-0.054069276979467056,5.0,Ee,Bb,False,,0,1.0,3.0,0.0,
143,,,,Bb,Ee,True,False,0,2.0,4.0,1.0,0.0
144,1.5073603252647323,1.2023162220667938,2.0,Bb,Aa,True,True,0,2.0,2.0,1.0,1.0
145,0.7894954648798015,-1.500759781538542,4.0,Ee,Aa,False,False,0,1.0,2.0,0.0,0.0
146,1.5289763138462837,0.09092157547340475,1.0,Cc,Dd,False,True,1,4.0,0.0,0.0,1.0
147,-0.6237784833654099,-1.0190299556896585,1.0,Dd,Dd,True,False,1,3.0,0.0,1.0,0.0
148,,1.3985829521487325,3.0,Bb,Aa,False,False,0,2.0,2.0,0.0,0.0
149,0.17565750458953364,0.042112911389205684,3.0,Dd,Dd,False,False,1,3.0,0.0,0.0,0.0
150,-0.14265945489247353,-0.9939474277767625,4.0,Aa,Aa,,False,0,0.0,2.0,,0.0
152,0.7058963254755419,-2.586414660698719,2.0,Cc,Aa,False,False,1,4.0,2.0,0.0,0.0
153,-1.0909000632360497,-1.6177377475427512,2.0,Dd,Ee,False,True,1,3.0,4.0,0.0,1.0
154,-0.6878533338726092,0.08299036151121483,2.0,Aa,Dd,True,True,1,0.0,0.0,1.0,1.0
155,,-1.0769199050584837,1.0,Aa,Cc,False,True,1,0.0,1.0,0.0,1.0
156,0.7326224320194266,1.0162136412246887,1.0,Aa,Aa,False,False,1,0.0,2.0,0.0,0.0
157,-1.66614918875252,1.111390409698662,2.0,Aa,Dd,False,False,1,0.0,0.0,0.0,0.0
158,1.5424225305672092,0.5834305173629618,4.0,Bb,Ee,False,True,0,2.0,4.0,0.0,1.0
159,,0.40690466885017934,4.0,Cc,Bb,True,False,0,4.0,3.0,1.0,0.0
160,-0.08742700161190889,0.5302780313353294,5.0,Cc,Bb,True,False,0,4.0,3.0,1.0,0.0
161,0.9611523689920253,-0.3746959584941889,5.0,Aa,Dd,False,False,1,0.0,0.0,0.0,0.0
162,0.47938134149182166,2.266726023123708,5.0,Aa,Dd,False,False,0,0.0,0.0,0.0,0.0
163,-1.0595661283978348,-1.4355549216876953,4.0,Aa,Cc,False,,1,0.0,1.0,0.0,
164,,1.0696815165079112,1.0,Bb,Dd,False,True,0,2.0,0.0,0.0,1.0
165,-0.5635093372482175,,2.0,Bb,Ee,True,,1,2.0,4.0,1.0,
166,,1.4909961839645403,5.0,Aa,Aa,True,True,0,0.0,2.0,1.0,1.0
167,-0.31087403131414465,-0.5311607501354728,,Aa,Aa,False,False,1,0.0,2.0,0.0,0.0
168,0.4155382237827756,-0.0768811362050111,3.0,Bb,Bb,True,False,0,2.0,3.0,1.0,0.0
169,0.5787536485790229,-0.24464978331191212,4.0,Bb,Ee,True,True,0,2.0,4.0,1.0,1.0
170,1.6001191009969478,0.657838868356054,2.0,Bb,Bb,True,False,0,2.0,3.0,1.0,0.0
171,-0.6335900897616367,-0.5216324701054164,4.0,Ee,Cc,False,True,1,1.0,1.0,0.0,1.0
172,0.5082661224773092,1.1769004287151177,2.0,Cc,Ee,False,True,1,4.0,4.0,0.0,1.0
174,-1.788786864659257,0.45388608103243033,1.0,Ee,Dd,True,False,0,1.0,0.0,1.0,0.0
175,0.8987241295296317,1.204715672145426,2.0,Bb,Ee,True,False,0,2.0,4.0,1.0,0.0
176,0.40609262767033505,0.4611437212252242,1.0,Bb,Dd,False,True,0,2.0,0.0,0.0,1.0
178,,-0.4687003765764623,5.0,Dd,Cc,True,True,1,3.0,1.0,1.0,1.0
179,,0.011040921883962575,5.0,Cc,Aa,True,False,1,4.0,2.0,1.0,0.0
180,-0.6624732261280748,0.5996276435911191,3.0,Bb,Ee,False,True,1,2.0,4.0,0.0,1.0
181,-0.8365770937333442,2.1990526218572044,1.0,Bb,Ee,False,False,0,2.0,4.0,0.0,0.0
182,,1.0615829436606947,1.0,Cc,Ee,True,,1,4.0,4.0,1.0,
184,-2.321213075638497,-0.48108818166449113,5.0,Bb,Cc,True,True,0,2.0,1.0,1.0,1.0
185,0.040446414909681296,0.10808778610818816,2.0,Aa,Ee,False,False,0,0.0,4.0,0.0,0.0
187,-2.008156116659913,-0.1728602133050499,1.0,Ee,Aa,False,False,1,1.0,2.0,0.0,0.0
188,0.33597135087617086,2.5765376242785365,1.0,Aa,Cc,True,True,1,0.0,1.0,1.0,1.0
190,-0.2236339275978909,0.3834416745870284,4.0,Ee,Cc,True,False,0,1.0,1.0,1.0,0.0
191,0.6590620025237025,-1.0629094138652702,1.0,Bb,Aa,False,False,1,2.0,2.0,0.0,0.0
192,0.4805784404129283,1.5731570045760719,1.0,Cc,Bb,False,True,0,4.0,3.0,0.0,1.0
193,1.0023967414830315,0.09752819846471175,1.0,Ee,Dd,False,False,0,1.0,0.0,0.0,0.0
194,-1.2908265312694809,-2.4030602623177577,3.0,Cc,Dd,True,False,0,4.0,0.0,1.0,0.0
195,,0.8505863556243359,1.0,Cc,Ee,,False,0,4.0,4.0,,0.0
196,1.573577992168046,0.9472733272583225,,Ee,Bb,False,False,0,1.0,3.0,0.0,0.0
197,0.13258632240665894,1.1898791095373162,4.0,Bb,Dd,False,False,0,2.0,0.0,0.0,0.0
199,,-0.370506790859388,1.0,Aa,Aa,False,False,1,0.0,2.0,0.0,0.0
200,0.564038702813778,-0.7775917206970197,5.0,Dd,Dd,False,True,0,3.0,0.0,0.0,1.0
201,,-0.3935553270335736,3.0,Bb,Ee,True,False,0,2.0,4.0,1.0,0.0
203,,-0.9952539559353477,3.0,Ee,Ee,True,True,1,1.0,4.0,1.0,1.0
204,0.08896993920479432,0.7028936040305122,5.0,Cc,Cc,True,False,0,4.0,1.0,1.0,0.0
206,0.43794282247698785,-0.22284157710350289,1.0,Bb,Aa,False,False,0,2.0,2.0,0.0,0.0
208,-1.2649414058432633,-1.015528951286065,4.0,Dd,Cc,False,True,1,3.0,1.0,0.0,1.0
210,0.5047851272663251,,2.0,Cc,Ee,True,False,0,4.0,4.0,1.0,0.0
212,,0.6755323335558892,2.0,Aa,Cc,False,True,1,0.0,1.0,0.0,1.0
213,0.17333889711455377,1.8259911692489164,4.0,Ee,Aa,False,False,0,1.0,2.0,0.0,0.0
214,-0.8173881696881276,0.8083163456265174,5.0,Bb,Cc,False,True,1,2.0,1.0,0.0,1.0
215,0.35979068767710964,0.5602791779600652,1.0,Cc,Ee,True,False,1,4.0,4.0,1.0,0.0
216,-1.1384778258594286,-0.24974811493258267,2.0,Ee,Aa,False,False,0,1.0,2.0,0.0,0.0
217,,-1.9250864774427954,3.0,Dd,Dd,False,True,1,3.0,0.0,0.0,1.0
218,,0.8352314508181731,5.0,Bb,Aa,False,False,0,2.0,2.0,0.0,0.0
219,,-0.6712456290865517,1.0,Bb,Dd,True,,1,2.0,0.0,1.0,
220,-0.2404659595402615,-0.41796699596103626,1.0,Cc,Cc,True,False,1,4.0,1.0,1.0,0.0
221,-0.7822497631468994,-0.08003697530621288,1.0,Ee,Cc,True,False,1,1.0,1.0,1.0,0.0
222,0.2562277772023302,-0.8786865520252145,2.0,Ee,Dd,False,False,0,1.0,0.0,0.0,0.0
223,-0.733825126475391,-0.5036390692294966,1.0,Aa,Aa,False,False,1,0.0,2.0,0.0,0.0
224,,2.0396363116261655,1.0,Ee,Bb,True,True,1,1.0,3.0,1.0,1.0
225,,0.5298558225662906,1.0,Bb,Bb,False,True,1,2.0,3.0,0.0,1.0
226,,0.17754181771731498,3.0,Cc,Dd,True,True,1,4.0,0.0,1.0,1.0
227,-0.6734408999597076,0.373788814736288,5.0,Bb,Dd,False,True,0,2.0,0.0,0.0,1.0
228,0.07732639684487058,-0.7252257553302764,5.0,Cc,Bb,,,0,4.0,3.0,,
229,0.022064861156631477,0.3302934525132196,1.0,Bb,Aa,False,True,0,2.0,2.0,0.0,1.0
230,,0.5882188545165171,5.0,Bb,Bb,True,False,0,2.0,3.0,1.0,0.0
231,-0.9689232489283491,0.7286692757413153,4.0,Dd,Dd,False,True,1,3.0,0.0,0.0,1.0
233,,2.4427434210895176,5.0,Aa,Bb,True,False,0,0.0,3.0,1.0,0.0
234,,1.556602021886653,2.0,Bb,Cc,False,True,1,2.0,1.0,0.0,1.0
235,,0.7068967476763197,2.0,Aa,Bb,True,True,1,0.0,3.0,1.0,1.0
236,-0.9203019783539087,-0.8906240374063146,5.0,Ee,Cc,False,False,0,1.0,1.0,0.0,0.0
237,1.0567023023652868,1.5206395793800873,1.0,Ee,Aa,False,False,1,1.0,2.0,0.0,0.0
238,-1.019125941142419,0.6421782700300867,1.0,Cc,Bb,True,False,1,4.0,3.0,1.0,0.0
239,0.10972790371346643,-0.08233729391927401,3.0,Cc,Bb,True,True,1,4.0,3.0,1.0,1.0
240,-0.33763529913268825,-0.8460266241440557,3.0,Dd,Dd,True,False,1,3.0,0.0,1.0,0.0
241,,0.6132032431918186,4.0,Ee,Cc,False,True,0,1.0,1.0,0.0,1.0
243,,-1.1995383447751633,,Aa,Dd,True,True,0,0.0,0.0,1.0,1.0
244,-0.7820763910239267,1.1375406038690505,2.0,Ee,Bb,True,False,0,1.0,3.0,1.0,0.0
245,-0.5540438225160668,-0.20366183472721494,4.0,Ee,Bb,False,False,1,1.0,3.0,0.0,0.0
247,-0.9479027589328246,-0.3719138092376252,1.0,Aa,Cc,True,,1,0.0,1.0,1.0,
249,0.29600636922615553,0.018009116823626495,5.0,Ee,Aa,True,False,0,1.0,2.0,1.0,0.0
250,0.0766258166432278,1.1076860763964742,4.0,Ee,Cc,False,True,1,1.0,1.0,0.0,1.0
251,0.7424678036493683,1.193883631383093,,Ee,Ee,False,True,1,1.0,4.0,0.0,1.0
252,,0.5561449555460178,2.0,Bb,Dd,False,True,1,2.0,0.0,0.0,1.0
253,-0.8957924585640636,0.9253646181929642,2.0,Bb,Ee,False,False,1,2.0,4.0,0.0,0.0
254,0.5037975617032715,0.6952091773001777,1.0,Ee,Bb,,False,1,1.0,3.0,,0.0
255,-0.5728327749195468,0.9923894225063269,3.0,Ee,Bb,True,False,0,1.0,3.0,1.0,0.0
256,,0.4626965663904833,1.0,Bb,Aa,True,True,1,2.0,2.0,1.0,1.0
257,1.6663064009119595,-0.5687733084662077,5.0,Dd,Bb,,False,1,3.0,3.0,,0.0
258,,-0.8138727383576763,4.0,Ee,Dd,False,,1,1.0,0.0,0.0,
259,0.13309560071692345,0.48029723628629295,4.0,Ee,Ee,False,False,0,1.0,4.0,0.0,0.0
261,,0.40466845573199284,1.0,Cc,Cc,False,False,1,4.0,1.0,0.0,0.0
262,,1.134756555285625,4.0,Cc,Aa,,False,0,4.0,2.0,,0.0
263,,1.7526804519682566,2.0,Cc,Dd,True,True,1,4.0,0.0,1.0,1.0
265,,0.42098842726590785,3.0,Aa,Dd,True,True,0,0.0,0.0,1.0,1.0
266,,0.4956124486373863,3.0,Dd,Cc,False,False,0,3.0,1.0,0.0,0.0
267,,-0.6359151482088923,3.0,Ee,Bb,False,False,0,1.0,3.0,0.0,0.0
268,-0.9694324095504658,-0.3728749434344408,5.0,Aa,Dd,True,True,1,0.0,0.0,1.0,1.0
269,0.06356860638345249,,5.0,Ee,Dd,True,True,1,1.0,0.0,1.0,1.0
271,-0.14811976264062604,-0.1581095194201584,2.0,Dd,Bb,False,False,1,3.0,3.0,0.0,0.0
274,-0.23041214809538826,-1.0717792898239045,3.0,Cc,Ee,True,True,1,4.0,4.0,1.0,1.0
275,0.2288202579752711,-0.33637324852249556,1.0,Ee,Aa,False,True,0,1.0,2.0,0.0,1.0
276,,0.9377849341891805,1.0,Dd,Cc,False,True,1,3.0,1.0,0.0,1.0
277,-2.922693866111644,-0.1969819419700324,1.0,Dd,Cc,True,False,0,3.0,1.0,1.0,0.0
278,-1.5272245090186778,0.054296010055623116,4.0,Aa,Cc,False,False,0,0.0,1.0,0.0,0.0
280,-1.4159522681421362,0.4983508891384344,5.0,Ee,Ee,True,False,0,1.0,4.0,1.0,0.0
281,,2.124408376959572,5.0,Ee,Dd,False,False,0,1.0,0.0,0.0,0.0
282,1.0776674492844136,0.6173412962501288,1.0,Dd,Ee,False,False,1,3.0,4.0,0.0,0.0
283,0.07630575595413482,0.09925455712849558,1.0,Cc,Dd,False,False,1,4.0,0.0,0.0,0.0
284,0.8916566905510509,0.2836745381805108,1.0,Cc,Ee,True,False,1,4.0,4.0,1.0,0.0
285,0.06337032574043631,0.25227412517714065,5.0,Bb,Cc,True,False,0,2.0,1.0,1.0,0.0
286,-0.9021083636379341,0.09838600995122311,3.0,Cc,Bb,False,True,0,4.0,3.0,0.0,1.0
287,,1.3444744620442253,3.0,Ee,Bb,False,True,1,1.0,3.0,0.0,1.0
288,0.8705451624320986,-0.7059779129693232,3.0,Aa,Aa,True,False,1,0.0,2.0,1.0,0.0
292,0.535238129186687,-0.9340320671384735,2.0,Aa,Ee,True,False,1,0.0,4.0,1.0,0.0
293,,0.3425456602955042,3.0,Ee,Dd,True,False,1,1.0,0.0,1.0,0.0
294,,1.2583145428042217,1.0,Aa,Aa,True,False,1,0.0,2.0,1.0,0.0
296,-0.67419706175842,-0.7186504493908079,4.0,Aa,Ee,,False,1,0.0,4.0,,0.0
297,0.3372043607037942,0.45747038188375305,5.0,Ee,Ee,True,False,1,1.0,4.0,1.0,0.0
299,,,1.0,Ee,Aa,True,False,1,1.0,2.0,1.0,0.0
300,1.1145397703154953,0.07100346537516124,1.0,Aa,Ee,False,True,1,0.0,4.0,0.0,1.0
301,-0.13670209499817548,0.7659614498204746,5.0,Bb,Aa,True,False,0,2.0,2.0,1.0,0.0
302,1.446178091544058,-1.0592429616324734,4.0,Ee,Aa,,True,0,1.0,2.0,,1.0
303,-2.476142550978379,1.3267771982317402,4.0,Dd,Dd,True,True,1,3.0,0.0,1.0,1.0
305,1.5926672046171226,-0.20901848277308505,5.0,Cc,Bb,True,False,1,4.0,3.0,1.0,0.0
307,,0.7938071807010836,1.0,Bb,Dd,False,True,1,2.0,0.0,0.0,1.0
309,0.6162866904793207,0.5499582992728542,3.0,Bb,Cc,True,False,0,2.0,1.0,1.0,0.0
310,0.42281664449782325,0.5648255070742849,4.0,Cc,Ee,False,False,1,4.0,4.0,0.0,0.0
311,1.8766046457638725,-0.14420063330496152,2.0,Dd,Dd,True,False,0,3.0,0.0,1.0,0.0
315,-0.8044794683327403,0.13066083059374875,4.0,Ee,Aa,True,False,1,1.0,2.0,1.0,0.0
316,-1.452718402193049,-0.2151478024845622,5.0,Bb,Dd,True,False,0,2.0,0.0,1.0,0.0
317,,1.4205867873910658,2.0,Aa,Bb,,True,1,0.0,3.0,,1.0
318,-0.2580305322491829,3.8294514776119457,2.0,Aa,Bb,False,True,0,0.0,3.0,0.0,1.0
319,0.6080186755526888,-1.6943815623673117,5.0,Cc,Cc,True,True,0,4.0,1.0,1.0,1.0
321,1.1297176656943646,0.31607495917168743,5.0,Aa,Cc,False,True,1,0.0,1.0,0.0,1.0
322,-0.2806524093876916,-0.7502861919258936,1.0,Cc,Cc,False,False,1,4.0,1.0,0.0,0.0
323,-1.0417560602330465,-0.3340793580236742,1.0,Aa,Bb,True,False,0,0.0,3.0,1.0,0.0
324,0.27281184184731483,-1.1009172823591307,2.0,Aa,Dd,True,True,0,0.0,0.0,1.0,1.0
326,0.3304376590538295,0.1717800201820857,3.0,Aa,Bb,False,True,1,0.0,3.0,0.0,1.0
327,2.0740862392572117,-0.04782276652563741,5.0,Aa,Dd,False,True,0,0.0,0.0,0.0,1.0
328,,-1.9028099448015685,2.0,Ee,Aa,True,True,1,1.0,2.0,1.0,1.0
329,,0.5885115829302701,4.0,Dd,Aa,True,False,1,3.0,2.0,1.0,0.0
330,,-1.139815092190124,1.0,Ee,Cc,True,False,1,1.0,1.0,1.0,0.0
331,1.5290106210064465,1.0154454729611253,5.0,Aa,Cc,True,False,0,0.0,1.0,1.0,0.0
332,,0.8178782124852217,2.0,Cc,Bb,True,False,0,4.0,3.0,1.0,0.0
334,,1.5404668062798874,4.0,Dd,Bb,True,False,1,3.0,3.0,1.0,0.0
336,0.04114634283649469,0.673090185167788,4.0,Aa,Aa,False,False,0,0.0,2.0,0.0,0.0
337,-1.2239025360307818,0.7116399949059256,2.0,Bb,Ee,False,False,0,2.0,4.0,0.0,0.0
338,-0.15370673498667398,1.1899635233699433,2.0,Ee,Cc,True,True,0,1.0,1.0,1.0,1.0
339,1.070012803298917,1.1378903774321072,3.0,Aa,Cc,,True,0,0.0,1.0,,1.0
341,-0.46467654183435214,-0.642124670979318,2.0,Dd,Ee,False,False,0,3.0,4.0,0.0,0.0
342,1.779975058181303,0.1641784497165952,2.0,Dd,Dd,True,True,1,3.0,0.0,1.0,1.0
343,-0.9931812269508302,-1.3482159873953012,2.0,Bb,Bb,True,False,1,2.0,3.0,1.0,0.0
344,,0.005608257514382394,4.0,Cc,Bb,True,True,0,4.0,3.0,1.0,1.0
346,0.4749413400086574,-0.7541452936631358,1.0,Cc,Bb,True,True,1,4.0,3.0,1.0,1.0
347,,-0.33434974305311815,1.0,Ee,Ee,True,True,1,1.0,4.0,1.0,1.0
350,,-2.013729188932015,2.0,Aa,Ee,False,True,1,0.0,4.0,0.0,1.0
351,,0.085803601476172,5.0,Aa,Aa,True,False,1,0.0,2.0,1.0,0.0
352,1.0345361143618983,,1.0,Cc,Cc,False,True,1,4.0,1.0,0.0,1.0
353,,0.8702798097244173,1.0,Cc,Bb,False,True,1,4.0,3.0,0.0,1.0
354,,0.7046718421599868,2.0,Ee,Bb,True,False,1,1.0,3.0,1.0,0.0
355,,-0.1796122522036762,2.0,Cc,Dd,False,True,1,4.0,0.0,0.0,1.0
356,0.12641450750344815,-0.12523215096258983,2.0,Aa,Ee,False,True,0,0.0,4.0,0.0,1.0
357,-0.5573370712430793,0.6060299635564647,1.0,Dd,Aa,,True,0,3.0,2.0,,1.0
358,0.9690162599437897,-0.2748018518410131,2.0,Dd,Dd,True,True,1,3.0,0.0,1.0,1.0
359,0.009488054378716462,1.2387755318775657,2.0,Dd,Aa,True,True,0,3.0,2.0,1.0,1.0
360,0.48428794872446396,0.3569203973015259,1.0,Cc,Bb,True,True,1,4.0,3.0,1.0,1.0
361,-0.21678297293443982,0.6489401665088584,5.0,Dd,Bb,False,True,1,3.0,3.0,0.0,1.0
362,0.10830626883884847,-1.202273852920951,1.0,Aa,Ee,False,True,1,0.0,4.0,0.0,1.0
363,0.5970277115841913,1.0183950158966524,2.0,Ee,Ee,False,False,1,1.0,4.0,0.0,0.0
364,-0.8120168624280881,-1.6991375099949602,4.0,Dd,Bb,True,True,0,3.0,3.0,1.0,1.0
366,,0.8041148102472545,2.0,Dd,Cc,,True,0,3.0,1.0,,1.0
367,-0.46848086436552605,1.2805052128839574,2.0,Dd,Cc,False,True,1,3.0,1.0,0.0,1.0
368,0.15507703621404526,1.007946545701754,1.0,Aa,Cc,True,,0,0.0,1.0,1.0,
369,0.11605118213820499,-0.010043451890954127,1.0,Bb,Bb,False,True,0,2.0,3.0,0.0,1.0
370,2.0055047828100157,-1.732136713110403,2.0,Ee,Ee,False,True,1,1.0,4.0,0.0,1.0
371,,-0.6863060383501772,3.0,Dd,Cc,False,False,1,3.0,1.0,0.0,0.0
372,0.07078458774945204,-1.2550141446638126,2.0,Cc,Cc,True,False,0,4.0,1.0,1.0,0.0
373,0.6258964745245045,2.6478410756468667,5.0,Aa,Bb,False,True,1,0.0,3.0,0.0,1.0
374,,-1.8478286941338473,5.0,Aa,Dd,False,False,0,0.0,0.0,0.0,0.0
376,-0.4135497955695686,-0.4338744774192364,4.0,Cc,Aa,False,False,1,4.0,2.0,0.0,0.0
377,0.22475407074475767,-0.3127357146954797,3.0,Dd,Bb,True,True,1,3.0,3.0,1.0,1.0
378,,0.5352484990513928,4.0,Cc,Cc,False,,1,4.0,1.0,0.0,
380,-0.653709759609803,1.219190144676041,5.0,Aa,Dd,False,True,1,0.0,0.0,0.0,1.0
381,-0.6105166223144504,1.3597157709830012,1.0,Ee,Ee,True,False,1,1.0,4.0,1.0,0.0
383,-0.38653262058036086,0.011343227827634025,4.0,Aa,Aa,False,False,0,0.0,2.0,0.0,0.0
384,-2.534855495948262,0.37738461500088344,1.0,Ee,Bb,True,False,1,1.0,3.0,1.0,0.0
385,,-0.16910247035808013,2.0,Ee,Dd,False,False,1,1.0,0.0,0.0,0.0
386,-0.010018119129511047,0.9320632627934857,5.0,Ee,Ee,False,False,1,1.0,4.0,0.0,0.0
388,,,3.0,Aa,Cc,True,True,0,0.0,1.0,1.0,1.0
389,-0.6986695923231784,-0.017301602003643203,2.0,Dd,Ee,True,True,0,3.0,4.0,1.0,1.0
390,-0.31013399881314374,0.08551279647058628,3.0,Cc,Ee,,True,0,4.0,4.0,,1.0
392,-0.5339938310843632,-0.3153581486183475,4.0,Dd,Cc,True,True,1,3.0,1.0,1.0,1.0
393,-0.14653472647183052,0.4241353116643036,,Ee,Dd,True,True,0,1.0,0.0,1.0,1.0
394,-0.22478092995438737,-1.2706200595396293,4.0,Aa,Aa,False,True,0,0.0,2.0,0.0,1.0
395,,,3.0,Cc,Bb,False,True,0,4.0,3.0,0.0,1.0
396,,-1.214289478626387,3.0,Ee,Cc,True,,0,1.0,1.0,1.0,
398,1.0468887434976035,0.48053081997638375,1.0,Aa,Ee,True,False,0,0.0,4.0,1.0,0.0
400,-1.156865370621643,1.0111041883780696,5.0,Ee,Ee,,False,0,1.0,4.0,,0.0
401,0.38058982518744383,1.1669090008819387,5.0,Dd,Aa,True,False,0,3.0,2.0,1.0,0.0
402,,0.3934161286154141,3.0,Dd,Ee,,True,1,3.0,4.0,,1.0
403,0.016518681154217105,-1.0261119579873195,3.0,Aa,Ee,True,True,0,0.0,4.0,1.0,1.0
404,0.08809250053437515,-0.2595645275420787,2.0,Bb,Ee,False,False,1,2.0,4.0,0.0,0.0
405,,-0.19645147293722837,2.0,Bb,Bb,False,False,0,2.0,3.0,0.0,0.0
406,,-0.1463141521760004,1.0,Cc,Cc,False,,1,4.0,1.0,0.0,
407,,-0.5953415912159629,2.0,Cc,Ee,True,True,1,4.0,4.0,1.0,1.0
408,0.6962164604430497,-0.02998911871791978,5.0,Dd,Bb,True,False,0,3.0,3.0,1.0,0.0
409,1.112727387190568,-1.103941760590229,2.0,Ee,Dd,True,True,0,1.0,0.0,1.0,1.0
410,0.5776620434622762,-0.9948320791032313,1.0,Bb,Cc,False,True,0,2.0,1.0,0.0,1.0
411,,0.28106019520397996,5.0,Dd,Ee,False,False,0,3.0,4.0,0.0,0.0
413,,0.6006113783906215,3.0,Cc,Bb,False,False,0,4.0,3.0,0.0,0.0
414,1.2207450704482274,-0.1074696715654154,2.0,Cc,Aa,False,True,1,4.0,2.0,0.0,1.0
415,-2.6292604798945174,0.2403534250193816,5.0,Aa,Aa,False,True,0,0.0,2.0,0.0,1.0
416,0.7511493724051228,0.9103098232165884,1.0,Bb,Ee,,True,0,2.0,4.0,,1.0
417,-0.2457139842068796,0.8473618724612373,5.0,Dd,Cc,False,True,0,3.0,1.0,0.0,1.0
418,,-0.6675038528595494,2.0,Aa,Ee,False,False,1,0.0,4.0,0.0,0.0
419,,0.39018645842895483,2.0,Cc,Dd,False,True,1,4.0,0.0,0.0,1.0
420,-1.1186795313543518,0.17174484049755137,4.0,Bb,Ee,False,False,0,2.0,4.0,0.0,0.0
421,,-1.4808833697032475,4.0,Dd,Dd,,False,1,3.0,0.0,,0.0
422,0.31414750881474496,-2.313051783108604,1.0,Aa,Aa,,False,1,0.0,2.0,,0.0
423,0.4074005641886441,,4.0,Bb,Cc,True,True,1,2.0,1.0,1.0,1.0
424,-0.057070656858872935,-0.5276203936561278,4.0,Ee,Aa,False,False,1,1.0,2.0,0.0,0.0
426,,0.7922282462891568,1.0,Dd,Cc,False,False,1,3.0,1.0,0.0,0.0
427,-0.49683216880032227,0.0566818872177439,5.0,Bb,Aa,True,True,0,2.0,2.0,1.0,1.0
428,1.6344105843792238,0.6164318642524067,2.0,Ee,Ee,False,True,0,1.0,4.0,0.0,1.0
429,-0.18212814984033285,-0.6820563292069348,3.0,Cc,Bb,,False,1,4.0,3.0,,0.0
430,0.44986653695513823,-0.07215232035387216,4.0,Ee,Ee,True,True,1,1.0,4.0,1.0,1.0
431,,,3.0,Dd,Bb,True,True,1,3.0,3.0,1.0,1.0
432,,0.6251726751454808,3.0,Ee,Bb,True,True,1,1.0,3.0,1.0,1.0
433,-1.4846559286511953,-0.8759635111723671,1.0,Ee,Ee,False,,0,1.0,4.0,0.0,
438,-0.42010980485491245,-0.2739379808254651,1.0,Ee,Ee,True,True,0,1.0,4.0,1.0,1.0
439,-0.3812292895086047,,1.0,Ee,Cc,True,True,0,1.0,1.0,1.0,1.0
440,0.18186518939817184,0.7221509298080621,2.0,Ee,Dd,,False,0,1.0,0.0,,0.0
441,,-1.279712040806564,4.0,Aa,Bb,,False,0,0.0,3.0,,0.0
444,0.7836712625435452,0.4533563962652776,5.0,Ee,Dd,False,False,1,1.0,0.0,0.0,0.0
448,,0.6906136737644017,1.0,Bb,Dd,False,True,0,2.0,0.0,0.0,1.0
449,0.06446526992452134,-0.018377657109863305,1.0,Dd,Cc,False,True,0,3.0,1.0,0.0,1.0
450,0.18100773625872077,-0.32025944918308663,3.0,Cc,Dd,True,,0,4.0,0.0,1.0,
451,,0.7470243601424793,4.0,Dd,Ee,True,True,1,3.0,4.0,1.0,1.0
452,1.0363286365134992,-1.782212189297105,4.0,Dd,Bb,False,True,1,3.0,3.0,0.0,1.0
453,1.316313060333454,-0.12524423758271952,2.0,Ee,Dd,True,True,1,1.0,0.0,1.0,1.0
454,-0.6047204912593908,-0.8552770715123775,5.0,Bb,Aa,False,True,1,2.0,2.0,0.0,1.0
455,,-0.007647905212100228,1.0,Dd,Aa,False,False,1,3.0,2.0,0.0,0.0
456,0.15624096430257184,-0.11340613444596866,3.0,Bb,Aa,True,False,0,2.0,2.0,1.0,0.0
457,1.474204988498878,0.4705005926975397,3.0,Aa,Aa,False,True,1,0.0,2.0,0.0,1.0
458,1.3904052286407966,0.30671095336245524,4.0,Aa,Bb,False,True,1,0.0,3.0,0.0,1.0
459,-1.113476821633758,1.6911231735815748,2.0,Aa,Bb,False,False,0,0.0,3.0,0.0,0.0
460,-0.8899673680748664,0.2973338402109678,3.0,Cc,Bb,False,True,0,4.0,3.0,0.0,1.0
461,0.7688486380640966,-1.5792544787120149,2.0,Aa,Aa,,False,1,0.0,2.0,,0.0
462,0.42657445007972283,-0.33935032886085853,5.0,Aa,Bb,False,True,0,0.0,3.0,0.0,1.0
463,,-0.0988820008387488,2.0,Dd,Aa,True,False,1,3.0,2.0,1.0,0.0
464,-0.777756768362173,,3.0,Dd,Ee,True,False,0,3.0,4.0,1.0,0.0
465,1.254766720129311,-0.3489743246638678,2.0,Cc,Bb,True,False,1,4.0,3.0,1.0,0.0
466,-2.6373063661160607,1.5901499976215485,3.0,Dd,Aa,False,True,0,3.0,2.0,0.0,1.0
467,,0.25987579203000577,1.0,Dd,Bb,True,True,1,3.0,3.0,1.0,1.0
468,0.3263223147166584,-0.3563355000667504,3.0,Cc,Dd,False,True,0,4.0,0.0,0.0,1.0
470,0.4527205552106275,0.770915438808542,1.0,Cc,Bb,False,True,1,4.0,3.0,0.0,1.0
472,,-0.016630100653525944,3.0,Cc,Bb,True,True,1,4.0,3.0,1.0,1.0
474,,-2.868817850969784,1.0,Ee,Ee,True,False,0,1.0,4.0,1.0,0.0
476,,-0.7742492263552063,1.0,Bb,Dd,True,True,0,2.0,0.0,1.0,1.0
477,0.23055558940930995,0.6462720335806936,3.0,Ee,Bb,False,True,1,1.0,3.0,0.0,1.0
480,-0.08019520016872249,0.8528166040031848,4.0,Dd,Ee,,,0,3.0,4.0,,
482,,-0.5915998364937614,3.0,Dd,Ee,True,True,0,3.0,4.0,1.0,1.0
483,-0.6359671118906339,-0.13369609146901937,1.0,Ee,Cc,False,True,1,1.0,1.0,0.0,1.0
484,-0.29364098953244067,-2.234504399000713,4.0,Bb,Cc,False,True,1,2.0,1.0,0.0,1.0
486,-0.8983841785516401,-0.05065724164887257,1.0,Dd,Aa,True,True,1,3.0,2.0,1.0,1.0
488,-1.2345175528398267,-0.33893775603564247,4.0,Dd,Aa,,False,1,3.0,2.0,,0.0
489,0.4088431886005941,0.6942216529231343,2.0,Bb,Ee,False,True,0,2.0,4.0,0.0,1.0
490,0.4559114503418395,-1.802719309071398,3.0,Ee,Dd,False,False,0,1.0,0.0,0.0,0.0
492,,0.09137652952872756,2.0,Bb,Cc,True,False,0,2.0,1.0,1.0,0.0
494,-0.2625110165978796,-0.05318537275387943,2.0,Bb,Aa,False,True,1,2.0,2.0,0.0,1.0
495,0.6511103116311947,-0.1958314172598452,1.0,Bb,Aa,True,True,0,2.0,2.0,1.0,1.0
496,-1.4018989510484114,-0.004793621105132931,2.0,Bb,Aa,True,True,1,2.0,2.0,1.0,1.0
497,1.6140067242838092,0.1744578281076238,4.0,Cc,Cc,True,True,1,4.0,1.0,1.0,1.0
499,-0.9615151311986185,-0.328430494720355,2.0,Bb,Bb,False,True,0,2.0,3.0,0.0,1.0
500,-0.5536912862211739,,2.0,Aa,Cc,,,1,0.0,1.0,,
501,-0.6556694521822205,-1.215346467626499,3.0,Bb,Dd,False,False,0,2.0,0.0,0.0,0.0
502,-0.1129635945172707,-0.6317355477278969,4.0,Dd,Aa,True,False,0,3.0,2.0,1.0,0.0
504,0.13863917598589312,-0.31572145726683504,1.0,Aa,Dd,False,True,0,0.0,0.0,0.0,1.0
506,0.8901084672598315,-0.6873920899519473,1.0,Dd,Aa,False,False,0,3.0,2.0,0.0,0.0
507,0.38623976120787645,-1.9237492334085582,4.0,Aa,Ee,True,False,0,0.0,4.0,1.0,0.0
508,1.3246173484551629,1.1860163177829326,3.0,Dd,Cc,True,,1,3.0,1.0,1.0,
509,0.4641681871594179,0.4906172500940055,1.0,Bb,Cc,True,True,1,2.0,1.0,1.0,1.0
510,-0.22953918653648342,-1.435333073894494,1.0,Ee,Cc,False,False,1,1.0,1.0,0.0,0.0
511,,-0.0931779089887024,1.0,Aa,Aa,True,True,1,0.0,2.0,1.0,1.0
513,,0.41758033898558544,3.0,Ee,Ee,True,True,1,1.0,4.0,1.0,1.0
514,,-0.06391132323290452,5.0,Bb,Aa,True,False,0,2.0,2.0,1.0,0.0
515,,-0.3711896595681482,3.0,Bb,Dd,True,,1,2.0,0.0,1.0,
517,0.26250533074998955,0.663422781669614,3.0,Bb,Dd,False,True,1,2.0,0.0,0.0,1.0
518,,-1.0193020823104177,2.0,Cc,Dd,False,False,0,4.0,0.0,0.0,0.0
519,0.38898271015903996,0.727305342149381,2.0,Aa,Cc,False,False,1,0.0,1.0,0.0,0.0
520,-0.6432028637209597,-0.28547399481852975,1.0,Cc,Aa,True,False,1,4.0,2.0,1.0,0.0
521,-0.7777922148211522,,2.0,Ee,Dd,True,True,0,1.0,0.0,1.0,1.0
522,,0.8396498832409393,3.0,Bb,Dd,True,,0,2.0,0.0,1.0,
524,,1.900491851980414,3.0,Bb,Ee,False,,1,2.0,4.0,0.0,
526,-0.6836060012536047,-1.0054690894687397,5.0,Cc,Ee,False,True,0,4.0,4.0,0.0,1.0
527,1.2545861393623523,1.175021549088852,1.0,Bb,Ee,True,False,0,2.0,4.0,1.0,0.0
528,-0.7475206103828612,-1.7309990860561015,5.0,Cc,Cc,False,False,0,4.0,1.0,0.0,0.0
529,1.8512800096771098,0.3702511703823755,3.0,Bb,Aa,False,True,1,2.0,2.0,0.0,1.0
530,0.6305327055852589,-0.25879666554247704,4.0,Bb,Dd,True,True,1,2.0,0.0,1.0,1.0
531,,-1.7804427860553262,5.0,Dd,Aa,True,False,1,3.0,2.0,1.0,0.0
532,-1.1734458416907754,0.0777411461598149,5.0,Dd,Aa,True,False,1,3.0,2.0,1.0,0.0
534,,-0.7259190586454728,5.0,Ee,Bb,False,False,1,1.0,3.0,0.0,0.0
536,,-0.7986407747990435,5.0,Dd,Dd,True,True,1,3.0,0.0,1.0,1.0
537,0.06473499437464258,-0.7819175926878554,4.0,Bb,Dd,False,True,1,2.0,0.0,0.0,1.0
538,-1.260438421221272,-0.07805964760694734,2.0,Cc,Cc,True,,1,4.0,1.0,1.0,
539,-1.1431512380595712,0.1652438367982632,2.0,Dd,Dd,False,,1,3.0,0.0,0.0,
540,-0.08674423309670386,-1.8273726086767088,2.0,Aa,Dd,False,True,0,0.0,0.0,0.0,1.0
543,,-2.0498721886507543,5.0,Cc,Aa,False,False,0,4.0,2.0,0.0,0.0
544,0.6268629549512382,0.0724285766691966,3.0,Aa,Dd,True,False,1,0.0,0.0,1.0,0.0
545,1.4612288150902093,1.291617028214908,5.0,Aa,Dd,True,False,0,0.0,0.0,1.0,0.0
546,,-1.4737533393657194,4.0,Ee,Ee,False,,1,1.0,4.0,0.0,
547,,-0.051280751561054674,3.0,Aa,Aa,False,False,1,0.0,2.0,0.0,0.0
548,0.28699428497278884,0.2107595346764032,1.0,Ee,Aa,False,,1,1.0,2.0,0.0,
549,,1.1916109540504933,2.0,Aa,Dd,True,True,1,0.0,0.0,1.0,1.0
552,,-1.4427094326748404,4.0,Cc,Dd,,True,0,4.0,0.0,,1.0
553,-0.1453615036198572,1.0061686091257733,1.0,Aa,Cc,True,True,0,0.0,1.0,1.0,1.0
554,,0.008491495006486138,1.0,Bb,Bb,True,False,1,2.0,3.0,1.0,0.0
555,,0.7821332407872631,3.0,Dd,Aa,,False,1,3.0,2.0,,0.0
556,-0.5096510146759972,-0.6811486929694661,3.0,Cc,Cc,True,False,1,4.0,1.0,1.0,0.0
557,0.10003127787970548,-1.3281548615440728,4.0,Ee,Aa,False,True,1,1.0,2.0,0.0,1.0
558,,,2.0,Ee,Cc,True,,0,1.0,1.0,1.0,
559,-1.9951372597073804,0.3135188004422589,3.0,Cc,Bb,True,True,1,4.0,3.0,1.0,1.0
562,-1.717080322578063,-0.41196626407949816,4.0,Aa,Dd,False,False,0,0.0,0.0,0.0,0.0
563,,,2.0,Ee,Bb,False,True,1,1.0,3.0,0.0,1.0
564,0.2088542192059428,-0.08410507772914796,2.0,Ee,Dd,False,False,1,1.0,0.0,0.0,0.0
565,,-0.036178246729567924,4.0,Aa,Bb,,True,1,0.0,3.0,,1.0
566,,-1.0366477131868597,5.0,Dd,Cc,True,True,0,3.0,1.0,1.0,1.0
568,,0.9731819173789635,1.0,Ee,Cc,True,,0,1.0,1.0,1.0,
570,0.9755925656591133,-0.9664861462135095,3.0,Ee,Dd,False,True,0,1.0,0.0,0.0,1.0
571,0.6077941811302283,-2.139698333849891,2.0,Dd,Cc,False,True,0,3.0,1.0,0.0,1.0
572,,1.589991480209881,2.0,Ee,Dd,,False,0,1.0,0.0,,0.0
573,,,5.0,Ee,Dd,False,True,1,1.0,0.0,0.0,1.0
574,1.2741754167707424,0.08337049726221253,5.0,Aa,Aa,True,False,0,0.0,2.0,1.0,0.0
575,,0.2616777388841283,2.0,Ee,Cc,,True,1,1.0,1.0,,1.0
576,0.21836300222971342,-0.25206468849705727,4.0,Cc,Ee,True,False,1,4.0,4.0,1.0,0.0
577,0.536445223697929,-1.397329146867054,1.0,Aa,Ee,False,True,0,0.0,4.0,0.0,1.0
578,,1.638828596180832,2.0,Aa,Aa,,True,0,0.0,2.0,,1.0
579,,0.8361755073754044,4.0,Aa,Ee,True,True,0,0.0,4.0,1.0,1.0
580,,-0.7402627658349474,5.0,Aa,Cc,False,,0,0.0,1.0,0.0,
581,0.3403118397864121,-0.05333284815758631,1.0,Cc,Dd,True,False,1,4.0,0.0,1.0,0.0
582,,-0.5259425074800828,,Dd,Dd,True,True,0,3.0,0.0,1.0,1.0
584,-0.8686405805422344,-1.335452739927081,2.0,Bb,Dd,True,True,0,2.0,0.0,1.0,1.0
586,-0.3398016394069081,-1.7753586837924131,3.0,Aa,Dd,True,False,0,0.0,0.0,1.0,0.0
587,-1.8915170156956154,-0.5327134157153096,4.0,Ee,Ee,False,True,1,1.0,4.0,0.0,1.0
588,,0.027246690727474678,4.0,Bb,Dd,True,False,1,2.0,0.0,1.0,0.0
589,-0.40212815126989887,-0.6721807735272434,5.0,Cc,Ee,,True,1,4.0,4.0,,1.0
590,0.06869770828588347,-0.08877007546929146,2.0,Dd,Ee,False,False,1,3.0,4.0,0.0,0.0
591,0.6586229409074646,-0.29570130044184484,5.0,Dd,Aa,,False,1,3.0,2.0,,0.0
592,-0.19095667247512607,1.7961265883256745,5.0,Ee,Cc,,False,0,1.0,1.0,,0.0
593,-0.33836882000261226,2.043503120268543,2.0,Dd,Ee,True,,1,3.0,4.0,1.0,
595,1.2479370211919927,0.15636160138014998,,Bb,Cc,True,,0,2.0,1.0,1.0,
597,,-1.021911405828492,1.0,Aa,Dd,False,False,0,0.0,0.0,0.0,0.0
598,-2.2827400846359116,-0.5032036785149816,3.0,Ee,Aa,False,True,0,1.0,2.0,0.0,1.0
599,1.5329478481132024,-1.1163869092584606,3.0,Ee,Ee,False,False,1,1.0,4.0,0.0,0.0
600,-0.7601658354804134,1.0609927972806157,2.0,Bb,Ee,False,False,0,2.0,4.0,0.0,0.0
601,,-1.2973844015749603,3.0,Ee,Dd,False,False,1,1.0,0.0,0.0,0.0
602,1.0124156417702042,-1.262011266802628,5.0,Aa,Dd,True,False,1,0.0,0.0,1.0,0.0
603,1.1342800261767516,-1.4247419139345991,2.0,Ee,Ee,True,True,0,1.0,4.0,1.0,1.0
604,,-0.14241988248128176,3.0,Bb,Ee,,True,1,2.0,4.0,,1.0
607,,2.1044307105428746,2.0,Bb,Aa,True,True,0,2.0,2.0,1.0,1.0
608,,1.2755220186606266,1.0,Cc,Cc,True,True,1,4.0,1.0,1.0,1.0
609,0.03234634825071501,0.045660264104196886,2.0,Aa,Cc,,True,0,0.0,1.0,,1.0
610,0.44181905717920733,-2.0321776640270452,5.0,Aa,Ee,False,False,1,0.0,4.0,0.0,0.0
611,,-0.092866615027604,1.0,Cc,Dd,True,True,1,4.0,0.0,1.0,1.0
612,2.204327908336983,-0.41775305182784467,1.0,Aa,Aa,False,True,0,0.0,2.0,0.0,1.0
613,0.021862384322256907,-2.454145233546111,3.0,Aa,Bb,True,True,0,0.0,3.0,1.0,1.0
616,,-1.4369310887940614,1.0,Ee,Bb,,False,0,1.0,3.0,,0.0
618,0.16000040870801932,0.5655731981768488,3.0,Ee,Dd,True,False,0,1.0,0.0,1.0,0.0
619,,-0.7244859836138613,3.0,Dd,Bb,False,False,1,3.0,3.0,0.0,0.0
621,,-1.1102879288457839,1.0,Aa,Ee,True,True,0,0.0,4.0,1.0,1.0
622,-0.14676840674644573,,2.0,Ee,Dd,True,True,0,1.0,0.0,1.0,1.0
623,,1.0053841012607971,4.0,Aa,Ee,False,True,1,0.0,4.0,0.0,1.0
624,,1.1715922526580405,1.0,Dd,Cc,False,False,1,3.0,1.0,0.0,0.0
625,0.9042623877538837,0.8515211676492596,1.0,Aa,Cc,True,True,0,0.0,1.0,1.0,1.0
626,-0.6593614466986505,-0.5191598984627125,2.0,Bb,Bb,True,False,1,2.0,3.0,1.0,0.0
627,1.5127475706185411,0.4284781229296766,1.0,Bb,Aa,False,False,1,2.0,2.0,0.0,0.0
628,0.46399099022886003,-0.250719930260423,2.0,Bb,Cc,True,True,0,2.0,1.0,1.0,1.0
629,-0.4080259232273607,-0.21432200588669645,3.0,Aa,Dd,True,True,0,0.0,0.0,1.0,1.0
630,0.974069190092837,-1.1019487889276125,4.0,Bb,Aa,False,True,1,2.0,2.0,0.0,1.0
631,0.9763858004607524,1.4175949936821326,3.0,Aa,Ee,True,False,1,0.0,4.0,1.0,0.0
632,,-1.8645285746464204,2.0,Cc,Cc,True,,0,4.0,1.0,1.0,
633,0.7653085260431668,0.03314716000099933,3.0,Aa,Bb,True,True,1,0.0,3.0,1.0,1.0
634,0.013806009824356725,-0.8824506311442147,2.0,Ee,Bb,,True,1,1.0,3.0,,1.0
635,,,2.0,Dd,Ee,False,True,0,3.0,4.0,0.0,1.0
637,,-1.2039788966086467,1.0,Bb,Ee,True,True,1,2.0,4.0,1.0,1.0
638,-1.1221415804754107,0.5817427386007652,4.0,Bb,Cc,False,,0,2.0,1.0,0.0,
639,-0.29605737769990537,0.9932368775579173,3.0,Dd,Bb,,False,1,3.0,3.0,,0.0
640,1.5957635292197891,0.8301223625591928,3.0,Dd,Cc,False,False,0,3.0,1.0,0.0,0.0
641,-0.5564575026379974,-1.8714135710967483,2.0,Cc,Aa,,True,1,4.0,2.0,,1.0
642,,-1.588232465327663,5.0,Cc,Bb,False,False,0,4.0,3.0,0.0,0.0
643,,0.7248244389624551,1.0,Cc,Aa,False,False,1,4.0,2.0,0.0,0.0
644,,-0.37483646177055835,2.0,Dd,Bb,True,,0,3.0,3.0,1.0,
645,,0.5784674920305708,3.0,Ee,Bb,False,True,0,1.0,3.0,0.0,1.0
646,1.5575317067446333,0.7966574200702197,5.0,Ee,Bb,False,True,0,1.0,3.0,0.0,1.0
647,,-0.9237951143864068,4.0,Cc,Aa,False,True,1,4.0,2.0,0.0,1.0
648,-0.942655667724122,0.9856401037529346,1.0,Ee,Cc,False,False,0,1.0,1.0,0.0,0.0
649,,-0.7541364554065637,4.0,Ee,Dd,False,True,0,1.0,0.0,0.0,1.0
650,0.9631919376230914,1.0622050612449498,2.0,Bb,Cc,True,False,0,2.0,1.0,1.0,0.0
651,,0.21433538869740018,3.0,Cc,Ee,False,True,0,4.0,4.0,0.0,1.0
652,1.56222515158324,0.6141303279963919,2.0,Dd,Dd,True,True,1,3.0,0.0,1.0,1.0
653,,-1.023598610473629,1.0,Ee,Cc,,False,0,1.0,1.0,,0.0
655,,0.5510483807770498,3.0,Dd,Bb,False,True,0,3.0,3.0,0.0,1.0
656,-0.7442972567935554,0.355528888434603,3.0,Dd,Dd,,False,0,3.0,0.0,,0.0
657,0.6092540924547862,-1.7451305106050934,4.0,Dd,Cc,True,False,0,3.0,1.0,1.0,0.0
658,1.158661720080431,0.17749826205072936,2.0,Cc,Cc,False,False,1,4.0,1.0,0.0,0.0
659,,-0.7820609859878099,1.0,Bb,Cc,False,False,0,2.0,1.0,0.0,0.0
660,-0.9639816666594234,0.9105770010249854,3.0,Dd,Bb,True,False,0,3.0,3.0,1.0,0.0
661,-0.9471255091451799,0.31097405392722505,1.0,Ee,Ee,False,False,0,1.0,4.0,0.0,0.0
662,,2.174858323081507,1.0,Aa,Aa,True,True,0,0.0,2.0,1.0,1.0
663,0.7291041210320671,-0.4166841661803163,2.0,Cc,Bb,False,,1,4.0,3.0,0.0,
666,,-0.007151867514997833,4.0,Aa,Dd,False,True,1,0.0,0.0,0.0,1.0
667,-0.24326207271412104,0.6056762721573387,2.0,Aa,Cc,False,True,0,0.0,1.0,0.0,1.0
668,-0.23995564450755694,-0.4431190751664549,,Ee,Ee,True,True,0,1.0,4.0,1.0,1.0
669,,1.337283253854167,3.0,Dd,Cc,False,False,1,3.0,1.0,0.0,0.0
670,1.4270766751408828,0.5645605950046858,1.0,Aa,Bb,False,False,1,0.0,3.0,0.0,0.0
671,,-1.5112351553807541,4.0,Ee,Dd,True,False,1,1.0,0.0,1.0,0.0
672,2.3631972199820264,0.09920808247895181,2.0,Cc,Ee,False,False,0,4.0,4.0,0.0,0.0
673,,-0.5311981706901528,5.0,Dd,Aa,False,False,1,3.0,2.0,0.0,0.0
674,-1.791211659584972,-0.06808313307571716,5.0,Aa,Cc,True,False,1,0.0,1.0,1.0,0.0
675,-1.5417841667694252,0.8928187335906008,1.0,Ee,Dd,False,False,1,1.0,0.0,0.0,0.0
677,-0.6876234586351294,0.02728966014080928,1.0,Bb,Bb,False,False,1,2.0,3.0,0.0,0.0
679,,-1.718636380815895,3.0,Aa,Ee,False,False,0,0.0,4.0,0.0,0.0
680,-0.01615100021473864,-1.3403595862669706,1.0,Dd,Aa,True,False,1,3.0,2.0,1.0,0.0
682,-0.18062583389735562,-0.3541851242688629,2.0,Aa,Bb,False,False,0,0.0,3.0,0.0,0.0
683,0.16031407464905145,1.0097951010016184,3.0,Ee,Bb,False,False,1,1.0,3.0,0.0,0.0
684,-0.814906022925748,-2.6629213841997594,5.0,Bb,Dd,False,,0,2.0,0.0,0.0,
686,0.049038582067792574,-1.2269830923340757,3.0,Aa,Aa,,False,0,0.0,2.0,,0.0
687,0.35844012384101875,-1.6805979309221726,1.0,Ee,Bb,False,True,0,1.0,3.0,0.0,1.0
688,0.10565099542758181,0.4391280146318218,1.0,Cc,Bb,False,False,1,4.0,3.0,0.0,0.0
689,2.17804518742041,0.17460680920969607,1.0,Ee,Cc,,True,1,1.0,1.0,,1.0
690,-1.11484930585954,-0.3584913440827831,2.0,Cc,Cc,False,False,1,4.0,1.0,0.0,0.0
692,-0.08640818214761374,-0.08102798142625461,3.0,Ee,Ee,False,,0,1.0,4.0,0.0,
693,,1.3332408914014227,4.0,Dd,Bb,False,False,0,3.0,3.0,0.0,0.0
694,0.16988778535774207,-0.676821946457384,4.0,Aa,Dd,False,True,1,0.0,0.0,0.0,1.0
695,0.7706561008472705,-0.5163744774907935,3.0,Bb,Cc,False,,1,2.0,1.0,0.0,
696,-0.5960716806009652,0.14909777610278943,2.0,Dd,Ee,,False,1,3.0,4.0,,0.0
697,1.4118245891640406,-0.27704787626629257,5.0,Aa,Ee,False,False,1,0.0,4.0,0.0,0.0
698,0.1184962999548288,-0.8743750814652146,5.0,Aa,Cc,False,True,0,0.0,1.0,0.0,1.0
699,1.3989946332927015,-0.7880784470729885,,Cc,Bb,False,True,1,4.0,3.0,0.0,1.0
700,,1.3381930248600151,2.0,Aa,Ee,False,True,1,0.0,4.0,0.0,1.0
701,-0.33586824592707154,1.291143225304867,1.0,Bb,Cc,False,True,0,2.0,1.0,0.0,1.0
702,0.4697362919053819,1.4845869820397104,5.0,Bb,Dd,True,False,0,2.0,0.0,1.0,0.0
704,-0.24936340931225975,0.311289052217377,3.0,Cc,Cc,False,True,1,4.0,1.0,0.0,1.0
705,-0.3640516741231036,0.6814642978568167,1.0,Dd,Aa,False,,1,3.0,2.0,0.0,
706,0.24122944261920753,-1.1493710292587136,1.0,Aa,Ee,True,True,1,0.0,4.0,1.0,1.0
707,,1.6643894992279646,4.0,Cc,Aa,,True,0,4.0,2.0,,1.0
708,-0.13210086376492788,0.33974410517434694,1.0,Dd,Cc,True,True,1,3.0,1.0,1.0,1.0
709,-1.4825721232208684,0.987096684193248,5.0,Ee,Dd,False,False,0,1.0,0.0,0.0,0.0
710,-1.705002479876832,-0.5851369392853816,1.0,Bb,Aa,True,False,1,2.0,2.0,1.0,0.0
712,-0.08331602935142914,0.7869012053692801,5.0,Bb,Bb,True,False,0,2.0,3.0,1.0,0.0
713,0.5054046004553823,-1.3508988911888955,,Dd,Cc,False,True,1,3.0,1.0,0.0,1.0
714,,0.09357219335972873,3.0,Bb,Dd,False,False,1,2.0,0.0,0.0,0.0
715,,-0.02417554253266571,4.0,Cc,Cc,False,True,1,4.0,1.0,0.0,1.0
716,1.575278091733552,1.3053360360243074,2.0,Dd,Cc,False,False,0,3.0,1.0,0.0,0.0
717,1.3714948091843377,0.06019496774600606,1.0,Cc,Dd,False,False,1,4.0,0.0,0.0,0.0
718,-0.3497602201007588,0.09861132654063938,5.0,Dd,Dd,,True,1,3.0,0.0,,1.0
719,0.4871167773746179,1.065489666262851,4.0,Ee,Cc,,,1,1.0,1.0,,
720,-1.6456035326081595,-0.6068988299280671,3.0,Cc,Aa,True,True,0,4.0,2.0,1.0,1.0
721,-0.5050735049729715,0.49748667664690466,2.0,Ee,Bb,False,True,1,1.0,3.0,0.0,1.0
722,-0.36461549023111645,-0.005438219178397582,1.0,Aa,Ee,True,True,1,0.0,4.0,1.0,1.0
723,,1.293235639172741,1.0,Cc,Cc,False,,1,4.0,1.0,0.0,
724,,0.3906694256527006,5.0,Bb,Cc,,True,1,2.0,1.0,,1.0
725,,-1.8553275257085957,4.0,Cc,Dd,False,False,1,4.0,0.0,0.0,0.0
726,,0.7350954142682847,2.0,Bb,Dd,False,True,0,2.0,0.0,0.0,1.0
727,-0.8446156305938789,0.021821293963584825,1.0,Ee,Aa,True,,0,1.0,2.0,1.0,
728,,-0.47541407754027604,2.0,Bb,Cc,True,False,0,2.0,1.0,1.0,0.0
729,,1.056329971304265,1.0,Dd,Dd,False,True,1,3.0,0.0,0.0,1.0
730,0.8894518987092009,0.7576984084901209,1.0,Dd,Cc,False,False,1,3.0,1.0,0.0,0.0
731,-0.5498422873457655,,5.0,Ee,Bb,False,True,1,1.0,3.0,0.0,1.0
732,,-1.6661506117310927,3.0,Bb,Ee,True,False,1,2.0,4.0,1.0,0.0
733,-0.3489911869024147,-0.881801300098473,2.0,Ee,Bb,True,False,1,1.0,3.0,1.0,0.0
734,-0.21686512776899225,1.0450256176685178,4.0,Bb,Bb,False,False,0,2.0,3.0,0.0,0.0
735,,0.14222850102948845,1.0,Ee,Dd,True,True,1,1.0,0.0,1.0,1.0
736,1.7436487981176538,0.41259066859524857,2.0,Bb,Ee,False,True,0,2.0,4.0,0.0,1.0
738,-1.8244761899670023,0.23575776982429925,4.0,Cc,Bb,True,False,1,4.0,3.0,1.0,0.0
739,,-0.24702134736624973,1.0,Bb,Cc,True,True,0,2.0,1.0,1.0,1.0
740,,-0.25219001706349264,3.0,Dd,Aa,False,False,1,3.0,2.0,0.0,0.0
741,-0.40641020673906,-0.966722623754124,4.0,Cc,Aa,False,,1,4.0,2.0,0.0,
744,1.966832409414931,-1.5976277851048317,3.0,Ee,Aa,True,False,1,1.0,2.0,1.0,0.0
745,0.348304566663822,1.3357116485772447,2.0,Dd,Aa,False,False,1,3.0,2.0,0.0,0.0
746,-2.342204290361997,2.0820179643242187,1.0,Cc,Ee,False,False,0,4.0,4.0,0.0,0.0
748,1.3297109133810079,-0.7447469131741586,4.0,Cc,Aa,False,False,0,4.0,2.0,0.0,0.0
749,,-1.11902224205176,3.0,Ee,Dd,False,,1,1.0,0.0,0.0,
750,-0.9376103635740987,-0.8054753019924765,4.0,Aa,Dd,True,True,1,0.0,0.0,1.0,1.0
751,0.7394615989429102,0.7389404971900555,1.0,Aa,Dd,True,False,1,0.0,0.0,1.0,0.0
752,,1.5512935688194238,2.0,Aa,Bb,True,False,0,0.0,3.0,1.0,0.0
753,,1.0874380018679968,1.0,Bb,Cc,False,True,1,2.0,1.0,0.0,1.0
754,,0.5283492902973169,2.0,Aa,Dd,False,False,1,0.0,0.0,0.0,0.0
756,0.021035740849411143,-0.5592014053067579,5.0,Aa,Dd,True,True,1,0.0,0.0,1.0,1.0
757,,1.5472388942651096,2.0,Bb,Dd,True,False,1,2.0,0.0,1.0,0.0
759,0.4403215263140404,-0.23165390893391444,,Ee,Cc,,True,0,1.0,1.0,,1.0
760,-1.0905905446672246,0.9020721269351181,2.0,Bb,Aa,True,False,1,2.0,2.0,1.0,0.0
761,2.3489369408506744,-1.1864253722957023,5.0,Aa,Cc,True,False,0,0.0,1.0,1.0,0.0
764,-0.3732732358209289,-0.5993352818131462,5.0,Aa,Aa,False,False,0,0.0,2.0,0.0,0.0
765,0.19787663765274108,0.27103633905045144,4.0,Aa,Cc,True,False,0,0.0,1.0,1.0,0.0
766,-1.5788874587812076,0.2245837661408416,5.0,Cc,Bb,True,False,1,4.0,3.0,1.0,0.0
767,1.7285582594511724,,3.0,Dd,Bb,False,False,0,3.0,3.0,0.0,0.0
769,-0.9468832152646279,0.9478939619185959,4.0,Dd,Aa,False,False,1,3.0,2.0,0.0,0.0
770,0.923215825057625,-2.0171758002102655,1.0,Ee,Dd,False,True,1,1.0,0.0,0.0,1.0
771,0.16671439065506946,0.7517014443309309,1.0,Ee,Aa,True,True,1,1.0,2.0,1.0,1.0
772,-0.28484749798633185,-0.3462269126527017,2.0,Bb,Aa,False,True,1,2.0,2.0,0.0,1.0
773,-0.8408859782317862,-0.5216162374790041,1.0,Cc,Aa,True,,0,4.0,2.0,1.0,
774,0.08512811323062194,-0.8318644764093288,3.0,Bb,Dd,True,True,1,2.0,0.0,1.0,1.0
775,0.2678498447107772,-1.784738287829614,4.0,Cc,Cc,False,True,1,4.0,1.0,0.0,1.0
776,,-1.128013596210318,5.0,Cc,Ee,False,False,1,4.0,4.0,0.0,0.0
780,0.038688390715992074,0.25213791455850787,2.0,Cc,Ee,True,True,0,4.0,4.0,1.0,1.0
781,-1.2237620359010928,-0.38353681202267287,4.0,Dd,Dd,True,False,1,3.0,0.0,1.0,0.0
782,-1.4352302854570345,1.2490508477008369,2.0,Bb,Cc,True,True,1,2.0,1.0,1.0,1.0
783,1.1864957996714824,1.2068553515181966,2.0,Dd,Ee,False,False,1,3.0,4.0,0.0,0.0
784,-0.4008639379238555,-1.678700485511774,3.0,Aa,Cc,False,True,1,0.0,1.0,0.0,1.0
785,-0.2650570422619533,1.6115089183447162,1.0,Bb,Cc,True,False,0,2.0,1.0,1.0,0.0
786,,,3.0,Dd,Bb,True,False,0,3.0,3.0,1.0,0.0
787,0.049127558084708436,-1.0794036751022575,2.0,Ee,Cc,True,False,0,1.0,1.0,1.0,0.0
788,1.5514230950567953,-0.7366451890262277,1.0,Bb,Aa,False,True,1,2.0,2.0,0.0,1.0
789,0.08105370498853438,1.5747195755551482,5.0,Aa,Aa,True,True,1,0.0,2.0,1.0,1.0
790,-0.3394438695313017,-1.3312920189707325,4.0,Dd,Bb,False,True,0,3.0,3.0,0.0,1.0
791,-2.295097482230978,0.2117884561677783,3.0,Bb,Cc,True,True,0,2.0,1.0,1.0,1.0
792,0.6004666768154472,2.3398213245293666,1.0,Dd,Aa,False,False,0,3.0,2.0,0.0,0.0
793,,0.7357735686541239,3.0,Cc,Cc,False,False,1,4.0,1.0,0.0,0.0
794,0.5745868490263328,-1.5196024466250306,4.0,Bb,Aa,True,False,1,2.0,2.0,1.0,0.0
795,,-0.5432817576602215,1.0,Ee,Bb,True,True,0,1.0,3.0,1.0,1.0
796,,0.7162370100132959,4.0,Ee,Dd,True,True,1,1.0,0.0,1.0,1.0
799,-0.170548809912798,-0.6142534694985641,4.0,Bb,Dd,False,False,0,2.0,0.0,0.0,0.0
801,0.048786320790394216,-0.5119156206403721,3.0,Bb,Aa,False,False,0,2.0,2.0,0.0,0.0
805,0.4057837264646744,0.7854398318704998,5.0,Aa,Ee,False,False,1,0.0,4.0,0.0,0.0
806,,-0.9571102927812067,5.0,Cc,Ee,True,True,1,4.0,4.0,1.0,1.0
807,-0.4692275355995806,-0.6530881051421895,1.0,Ee,Ee,True,True,0,1.0,4.0,1.0,1.0
808,-0.8129257896060403,0.9133200408942268,5.0,Cc,Ee,False,False,0,4.0,4.0,0.0,0.0
809,-0.11899724665487202,1.8983328080319493,2.0,Dd,Cc,False,True,0,3.0,1.0,0.0,1.0
810,-0.3041685869485862,-1.4146562293732539,5.0,Bb,Bb,True,False,1,2.0,3.0,1.0,0.0
811,-0.02238941723034666,0.025643274398446627,5.0,Dd,Dd,True,False,1,3.0,0.0,1.0,0.0
812,-0.5581893252793685,1.7519102445840316,4.0,Dd,Aa,True,True,1,3.0,2.0,1.0,1.0
813,-1.24134550581808,1.0962571744914316,4.0,Cc,Ee,True,True,1,4.0,4.0,1.0,1.0
814,-0.338499678302788,-1.276749035848427,3.0,Ee,Dd,True,,0,1.0,0.0,1.0,
815,-1.6527285923199828,0.618792272509563,4.0,Cc,Ee,True,,0,4.0,4.0,1.0,
816,-0.2811390599972422,-0.28060852095168287,3.0,Dd,Dd,False,False,1,3.0,0.0,0.0,0.0
817,0.2226379744729597,1.3290602325048857,2.0,Bb,Ee,False,,0,2.0,4.0,0.0,
819,,0.792960842694544,1.0,Cc,Cc,False,True,1,4.0,1.0,0.0,1.0
820,,0.29831462100292927,3.0,Dd,Dd,False,False,1,3.0,0.0,0.0,0.0
821,-0.8740967176732517,-1.116648453491195,5.0,Ee,Bb,True,True,1,1.0,3.0,1.0,1.0
823,,0.9534329979338925,4.0,Cc,Dd,True,False,1,4.0,0.0,1.0,0.0
824,,-0.23897953499015917,5.0,Dd,Aa,False,False,0,3.0,2.0,0.0,0.0
825,-0.6340117125847969,,5.0,Cc,Bb,False,True,1,4.0,3.0,0.0,1.0
826,0.915823547842424,-0.2001384693161507,4.0,Cc,Bb,True,True,0,4.0,3.0,1.0,1.0
829,,-0.5031342325578819,4.0,Ee,Cc,False,True,0,1.0,1.0,0.0,1.0
830,1.0269656822991142,0.41609816681738254,1.0,Cc,Dd,True,True,0,4.0,0.0,1.0,1.0
831,0.6445116034214422,-0.34643352564851426,5.0,Cc,Ee,True,,0,4.0,4.0,1.0,
832,,2.4829464393318204,2.0,Cc,Bb,False,False,1,4.0,3.0,0.0,0.0
833,,1.450729224129429,1.0,Ee,Aa,False,True,0,1.0,2.0,0.0,1.0
834,0.30160772774389216,-0.20687439588616036,2.0,Ee,Cc,False,True,1,1.0,1.0,0.0,1.0
835,,0.2879256730935405,5.0,Aa,Cc,False,True,0,0.0,1.0,0.0,1.0
836,0.7411199204270391,-0.6916231717293754,3.0,Dd,Bb,True,True,1,3.0,3.0,1.0,1.0
837,0.591161308329534,-1.2167299975816586,2.0,Ee,Ee,False,,1,1.0,4.0,0.0,
838,0.16701649582173217,-0.25808629225127994,4.0,Cc,Cc,True,False,0,4.0,1.0,1.0,0.0
839,,1.0951737209970713,1.0,Cc,Dd,False,False,0,4.0,0.0,0.0,0.0
843,-0.22404254307611682,-1.1584474809829137,5.0,Cc,Cc,False,True,0,4.0,1.0,0.0,1.0
845,0.7494880029335825,0.1864063865628672,3.0,Bb,Aa,False,False,1,2.0,2.0,0.0,0.0
848,-0.5720784720087277,-1.0971354153129484,3.0,Ee,Dd,False,False,0,1.0,0.0,0.0,0.0
849,1.3738784871260905,0.7259268515339655,5.0,Cc,Ee,True,False,1,4.0,4.0,1.0,0.0
850,-1.400601626701958,1.4647858181651163,1.0,Aa,Bb,,,0,0.0,3.0,,
852,0.2385137951615197,0.510327825559203,1.0,Dd,Dd,True,,0,3.0,0.0,1.0,
853,,-0.4849761996476654,1.0,Dd,Aa,True,False,0,3.0,2.0,1.0,0.0
854,-0.3469905171749555,,2.0,Aa,Cc,False,True,0,0.0,1.0,0.0,1.0
855,-1.0074418459480872,0.6623126251648122,3.0,Dd,Bb,True,False,0,3.0,3.0,1.0,0.0
856,,0.8199311497511054,3.0,Ee,Bb,True,True,1,1.0,3.0,1.0,1.0
857,-0.565630872197973,-0.28080880318476736,1.0,Cc,Ee,False,True,0,4.0,4.0,0.0,1.0
859,0.01048466180884557,-0.5641816358632129,2.0,Ee,Aa,True,True,1,1.0,2.0,1.0,1.0
860,,0.4171915645859125,1.0,Bb,Dd,False,False,1,2.0,0.0,0.0,0.0
862,0.9759985393585751,0.5948493183258238,4.0,Bb,Dd,True,True,0,2.0,0.0,1.0,1.0
863,-0.4937741088126107,0.6906192615867592,2.0,Aa,Cc,False,True,0,0.0,1.0,0.0,1.0
864,,,2.0,Bb,Ee,False,False,1,2.0,4.0,0.0,0.0
865,,0.17061698449407667,1.0,Cc,Ee,False,,1,4.0,4.0,0.0,
866,-0.2542983140292448,-0.0005773476417230808,3.0,Cc,Dd,True,True,0,4.0,0.0,1.0,1.0
867,-0.24454147196157974,0.11437650609939053,3.0,Bb,Bb,False,True,0,2.0,3.0,0.0,1.0
868,0.552562381243323,0.9540775425506064,5.0,Dd,Bb,False,True,1,3.0,3.0,0.0,1.0
869,-0.05074360520032501,-1.375314344026819,4.0,Cc,Bb,False,False,1,4.0,3.0,0.0,0.0
870,0.7804767933155977,-2.3017341303226098,5.0,Ee,Aa,False,False,0,1.0,2.0,0.0,0.0
871,0.012753834343870039,-1.1950974450061091,3.0,Bb,Bb,,False,0,2.0,3.0,,0.0
872,0.08278733960938923,-1.0850856091254217,,Dd,Cc,False,False,1,3.0,1.0,0.0,0.0
873,,-0.34589315396656056,4.0,Aa,Dd,False,False,0,0.0,0.0,0.0,0.0
874,-0.23259837001506536,0.8879843254425597,5.0,Aa,Aa,True,False,1,0.0,2.0,1.0,0.0
875,0.5515180698591898,-0.6859118199278895,3.0,Bb,Dd,False,True,1,2.0,0.0,0.0,1.0
876,1.0847094710754766,0.03701657413263198,3.0,Aa,Aa,True,True,0,0.0,2.0,1.0,1.0
877,,-0.13023331613235686,4.0,Dd,Aa,True,True,0,3.0,2.0,1.0,1.0
878,0.06283488185272669,2.862537679800432,3.0,Bb,Dd,True,True,0,2.0,0.0,1.0,1.0
879,0.22974173316094326,,1.0,Cc,Bb,True,True,0,4.0,3.0,1.0,1.0
881,0.3215684501155054,1.0433815169457317,4.0,Cc,Dd,False,True,1,4.0,0.0,0.0,1.0
882,-1.577483830788095,2.8616915075755656,4.0,Cc,Bb,False,True,0,4.0,3.0,0.0,1.0
883,-0.565139523526774,-1.2634138165192896,1.0,Aa,Ee,False,True,1,0.0,4.0,0.0,1.0
884,0.38353270226045105,0.3372057251710235,1.0,Aa,Ee,,False,1,0.0,4.0,,0.0
885,-1.2886752256754845,-1.630002813855971,5.0,Ee,Ee,True,False,0,1.0,4.0,1.0,0.0
886,0.39248726366302755,0.5198070996920773,4.0,Aa,Dd,True,False,1,0.0,0.0,1.0,0.0
888,-0.09954766243194117,-0.1034591889252418,5.0,Ee,Dd,True,True,1,1.0,0.0,1.0,1.0
889,-0.48129094412231027,0.08558622249952406,3.0,Cc,Cc,True,False,1,4.0,1.0,1.0,0.0
890,,-0.33945670650306226,2.0,Bb,Aa,False,True,0,2.0,2.0,0.0,1.0
891,-0.09762408780507299,0.8420907797421338,3.0,Bb,Ee,False,True,0,2.0,4.0,0.0,1.0
892,-0.0779655570405227,-0.4139596925197601,4.0,Ee,Bb,False,False,1,1.0,3.0,0.0,0.0
893,0.8994235838575148,-0.5075238421931837,2.0,Bb,Cc,False,False,1,2.0,1.0,0.0,0.0
894,-0.7788761496366874,0.39803617182108064,2.0,Ee,Dd,True,False,0,1.0,0.0,1.0,0.0
895,0.10263244285823409,2.1129004008540266,1.0,Ee,Ee,,False,1,1.0,4.0,,0.0
897,0.08748721492342787,0.27876672327778,4.0,Dd,Dd,False,False,0,3.0,0.0,0.0,0.0
898,0.19170237788852615,-0.7982929815229377,2.0,Ee,Ee,,True,1,1.0,4.0,,1.0
902,-0.17538075530570368,0.07500495356808945,1.0,Bb,Ee,False,False,0,2.0,4.0,0.0,0.0
903,,0.36081449323401255,5.0,Ee,Cc,True,True,0,1.0,1.0,1.0,1.0
905,1.1233764412034073,-2.5253130025509005,1.0,Bb,Dd,True,False,1,2.0,0.0,1.0,0.0
906,1.0450625089180738,-0.08428463837001456,2.0,Dd,Dd,True,True,0,3.0,0.0,1.0,1.0
907,0.4317488434990885,0.26952600072270655,1.0,Aa,Bb,True,True,1,0.0,3.0,1.0,1.0
908,,-0.10009408138659093,4.0,Dd,Aa,True,True,0,3.0,2.0,1.0,1.0
909,-0.15414051355418057,-0.549437927420114,4.0,Aa,Bb,False,True,0,0.0,3.0,0.0,1.0
910,-0.0745139647163077,0.02392752066281156,5.0,Dd,Ee,True,,0,3.0,4.0,1.0,
911,-0.6265453884426598,1.527356562920546,5.0,Bb,Bb,False,True,1,2.0,3.0,0.0,1.0
912,0.011164197560152285,-0.9357430989932577,5.0,Ee,Cc,,True,1,1.0,1.0,,1.0
913,,1.5459560982844511,2.0,Ee,Aa,True,False,1,1.0,2.0,1.0,0.0
914,,-1.1497493713356353,1.0,Ee,Bb,False,True,1,1.0,3.0,0.0,1.0
915,,0.7246064585702359,3.0,Bb,Ee,True,True,0,2.0,4.0,1.0,1.0
916,,-0.1709768023585674,5.0,Aa,Bb,False,True,1,0.0,3.0,0.0,1.0
917,,0.3535959295911338,5.0,Cc,Cc,True,True,0,4.0,1.0,1.0,1.0
918,1.394866518754809,-0.48220137039823546,,Bb,Dd,True,False,0,2.0,0.0,1.0,0.0
919,0.4641995906977905,-0.1416312589453027,1.0,Aa,Bb,False,True,0,0.0,3.0,0.0,1.0
920,0.3286870335068132,-0.939330179204899,3.0,Ee,Aa,False,False,1,1.0,2.0,0.0,0.0
921,-1.0212027453892498,-0.4324192212802284,1.0,Aa,Aa,True,False,1,0.0,2.0,1.0,0.0
922,0.1648231331151693,2.0761086599979524,4.0,Bb,Ee,,,0,2.0,4.0,,
924,1.8902841818047853,1.9558988032745612,5.0,Bb,Dd,True,True,1,2.0,0.0,1.0,1.0
925,-1.5553815982278831,1.1316266612610957,3.0,Aa,Aa,,,1,0.0,2.0,,
926,0.1895831591796354,-0.27167139147637664,2.0,Ee,Ee,,False,1,1.0,4.0,,0.0
927,,0.293215334237182,1.0,Dd,Ee,True,False,1,3.0,4.0,1.0,0.0
929,0.9419345780010648,0.6893720640270243,3.0,Aa,Aa,True,True,1,0.0,2.0,1.0,1.0
930,-1.639336201670586,0.32812635726939726,3.0,Bb,Cc,False,False,0,2.0,1.0,0.0,0.0
931,0.9458630497656072,1.4411575722728374,1.0,Cc,Aa,True,False,0,4.0,2.0,1.0,0.0
932,1.3599813508483465,1.2900366473099047,5.0,Cc,Cc,False,False,0,4.0,1.0,0.0,0.0
933,,0.6437859987747346,2.0,Aa,Cc,False,False,1,0.0,1.0,0.0,0.0
935,,1.2825751937800065,4.0,Cc,Ee,True,True,0,4.0,4.0,1.0,1.0
936,,-0.4673940105406188,1.0,Cc,Dd,True,True,1,4.0,0.0,1.0,1.0
937,,,3.0,Bb,Dd,True,True,0,2.0,0.0,1.0,1.0
938,-1.2828368494066138,-0.19568389866058,3.0,Aa,Cc,False,False,1,0.0,1.0,0.0,0.0
939,,0.402801203162922,2.0,Bb,Cc,False,True,1,2.0,1.0,0.0,1.0
940,-0.6679714426991272,0.9747577811246205,1.0,Cc,Dd,True,False,0,4.0,0.0,1.0,0.0
941,-0.9884519521698732,-1.0867588590889738,4.0,Ee,Cc,True,True,1,1.0,1.0,1.0,1.0
942,,1.9393108109553596,2.0,Cc,Bb,True,True,0,4.0,3.0,1.0,1.0
943,,-0.9524256368584594,4.0,Ee,Aa,,False,0,1.0,2.0,,0.0
944,,-0.28250742596378436,3.0,Cc,Bb,True,True,1,4.0,3.0,1.0,1.0
945,2.474731125102877,-1.251612095744128,2.0,Dd,Bb,True,,0,3.0,3.0,1.0,
946,,-1.0709416270786611,4.0,Aa,Dd,False,False,0,0.0,0.0,0.0,0.0
947,0.787466127295279,0.1778708136062867,1.0,Bb,Dd,,False,1,2.0,0.0,,0.0
948,-0.897418338332511,1.4127559823115592,4.0,Cc,Bb,False,,1,4.0,3.0,0.0,
949,,0.09331434360496624,1.0,Aa,Aa,True,True,0,0.0,2.0,1.0,1.0
951,0.30717406713527035,1.3529999671270063,1.0,Bb,Aa,False,False,0,2.0,2.0,0.0,0.0
952,,0.3978204248985479,,Aa,Bb,False,True,1,0.0,3.0,0.0,1.0
953,,1.4472873563696673,1.0,Aa,Dd,False,True,0,0.0,0.0,0.0,1.0
954,1.9257507487792438,0.36063660168586803,2.0,Dd,Aa,True,True,1,3.0,2.0,1.0,1.0
956,1.9014462138448236,-0.9795673058131183,2.0,Cc,Ee,False,True,0,4.0,4.0,0.0,1.0
957,1.7657623886116975,-0.5893700362067551,5.0,Bb,Ee,True,True,1,2.0,4.0,1.0,1.0
958,,0.573204913165146,4.0,Dd,Cc,False,True,0,3.0,1.0,0.0,1.0
959,-0.7131905250721173,-1.334255452816233,2.0,Aa,Cc,True,False,0,0.0,1.0,1.0,0.0
960,-0.41312153409912816,0.11897894909412284,4.0,Aa,Aa,True,True,0,0.0,2.0,1.0,1.0
961,,0.09817258408855059,2.0,Cc,Ee,False,False,1,4.0,4.0,0.0,0.0
962,0.6576689600469932,1.6889601012482212,2.0,Bb,Dd,False,True,0,2.0,0.0,0.0,1.0
963,0.93956490600072,0.2245345167589022,5.0,Cc,Bb,False,,0,4.0,3.0,0.0,
964,-0.4453457199388722,-0.22034689156432696,4.0,Aa,Aa,False,True,1,0.0,2.0,0.0,1.0
965,0.13149311728756313,-1.2377365453247484,5.0,Bb,Bb,True,True,0,2.0,3.0,1.0,1.0
966,-0.5959548430769698,1.213388772933605,3.0,Aa,Dd,True,False,0,0.0,0.0,1.0,0.0
967,,0.10626855386748472,5.0,Ee,Aa,True,True,0,1.0,2.0,1.0,1.0
968,0.8561930210410207,-0.17277814428388658,5.0,Dd,Dd,True,True,0,3.0,0.0,1.0,1.0
970,,1.8853058555041928,2.0,Ee,Aa,True,True,0,1.0,2.0,1.0,1.0
971,-0.9623548016542853,-0.37214069878326367,1.0,Aa,Aa,True,False,0,0.0,2.0,1.0,0.0
972,,2.2771219936640934,1.0,Bb,Bb,True,True,1,2.0,3.0,1.0,1.0
973,0.1978957649624571,1.6255674749600435,3.0,Aa,Aa,True,True,0,0.0,2.0,1.0,1.0
977,,-1.171968676960413,3.0,Cc,Dd,False,False,1,4.0,0.0,0.0,0.0
978,,0.9592047445748433,5.0,Cc,Cc,False,True,1,4.0,1.0,0.0,1.0
979,-0.5613232951198254,-0.5568477603847009,5.0,Aa,Bb,False,True,0,0.0,3.0,0.0,1.0
980,0.3878274524980271,-0.4197968929221275,5.0,Bb,Ee,True,,0,2.0,4.0,1.0,
981,1.040301697370835,-0.8053220253173372,3.0,Ee,Aa,True,False,0,1.0,2.0,1.0,0.0
982,0.4170940362367483,0.8917762442955208,2.0,Cc,Ee,True,True,0,4.0,4.0,1.0,1.0
983,,0.15420663988468702,3.0,Ee,Aa,False,False,0,1.0,2.0,0.0,0.0
984,0.7583586007659743,-0.051996793631541416,4.0,Bb,Bb,True,True,1,2.0,3.0,1.0,1.0
985,1.6083919534683109,-0.23726804818426958,3.0,Aa,Dd,False,False,0,0.0,0.0,0.0,0.0
986,0.044961590006849135,0.45809241519462646,1.0,Dd,Bb,True,False,0,3.0,3.0,1.0,0.0
988,-1.340432220878574,0.7893425935347074,1.0,Ee,Ee,True,True,1,1.0,4.0,1.0,1.0
989,-0.5206630570896906,-2.0793625720925717,5.0,Dd,Aa,,True,1,3.0,2.0,,1.0
991,-2.199116917976656,0.5605066763222886,2.0,Bb,Ee,True,True,1,2.0,4.0,1.0,1.0
992,-0.08677418675719072,0.5485785652964564,4.0,Bb,Bb,True,False,0,2.0,3.0,1.0,0.0
993,0.3505126923806577,-1.141359598065648,2.0,Aa,Aa,True,False,0,0.0,2.0,1.0,0.0
995,0.8702152299375607,-0.6776089528441309,4.0,Bb,Dd,False,True,0,2.0,0.0,0.0,1.0
996,0.8351255383219743,-1.4449145881702372,2.0,Ee,Bb,True,True,0,1.0,3.0,1.0,1.0
997,,0.44181506229583123,4.0,Dd,Ee,False,True,0,3.0,4.0,0.0,1.0
998,1.0224885532896941,-1.4143005345044477,5.0,Cc,Ee,,True,1,4.0,4.0,,1.0
999,,-0.49888807720392864,5.0,Dd,Aa,False,False,0,3.0,2.0,0.0,0.0
